{
  "BASE_DIR": "/media/iarv/Samsung/Events",
  "sigma_km": 5,
  "alpha": 0.0025,
  "LOGS_DIR": "/media/iarv/Samsung/Events/Logs",

  "EOD": {
    "grid_shape": {
      "n": 64,
      "m": 64,
      "l": 64
    },
    "corners": {
      "top_SW": {
        "geo": [35.201435, 23.922818, 0.0],
        "local": [0.0, 0.0, 310.0]
      },
      "top_SE": {
        "geo": [35.201435, 27.436424, 0.0],
        "local": [310.0, 0.0, 310.0]
      },
      "top_NE": {
        "geo": [38.033533, 27.436424, 0.0],
        "local": [310.0, 310.0, 310.0]
      },
      "top_NW": {
        "geo": [38.033533, 23.922818, 0.0],
        "local": [0.0, 310.0, 310.0]
      },
      "bottom_SW": {
        "geo": [35.201435, 23.922818, 310.0],
        "local": [0.0, 0.0, 0.0]
      },
      "bottom_SE": {
        "geo": [35.201435, 27.436424, 310.0],
        "local": [310.0, 0.0, 0.0]
      },
      "bottom_NE": {
        "geo": [38.033533, 27.436424, 310.0],
        "local": [310.0, 310.0, 0.0]
      },
      "bottom_NW": {
        "geo": [38.033533, 23.922818, 310.0],
        "local": [0.0, 310.0, 0.0]
      }
    }
  },

  "STUDY_AREA": {
    "corners": {
      "top_SW": {
        "geo": [36.16069422498042, 25.13474478287326, 0.0],
        "local": [105.0, 105.0, 310.0]
      },
      "top_SE": {
        "geo": [36.1728531918169, 26.246331962841627, 0.0],
        "local": [205.0, 105.0, 310.0]
      },
      "top_NE": {
        "geo": [37.07474187482969, 26.237504396937783, 0.0],
        "local": [205.0, 205.0, 310.0]
      },
      "top_NW": {
        "geo": [37.06171162213513, 25.1129107538187197, 0.0],
        "local": [105.0, 205.0, 310.0]
      },
      "bottom_SW": {
        "geo": [36.16069422498042, 25.13474478287326, 285.0],
        "local": [105.0, 105.0, 285.0]
      },
      "bottom_SE": {
        "geo": [36.1728531918169, 26.246331962841627, 285.0],
        "local": [205.0, 105.0, 285.0]
      },
      "bottom_NE": {
        "geo": [37.07474187482969, 26.237504396937783, 285.0],
        "local": [205.0, 205.0, 285.0]
      },
      "bottom_NW": {
        "geo": [37.06171162213513, 25.1129107538187197, 285.0],
        "local": [105.0, 205.0, 285.0]
      }
    }
  }
}
