{
  "BASE_DIR": "/media/iarv/Samsung/Events",
  "LOGS_DIR": "/media/iarv/Samsung/Events/Logs",

  "min_magnitude_acquisition": 2.5,
  "max_event_depth_acquisition":310.0,
  "preset_on_data_acquisition": 30,
  "offset_on_data_acquisition": 240,

  "sigma_km": 5,
  "alpha": 0.005,
  "FIX_GLITCHES_WITH_INTERPOLATION": true,
  "minSnr":5,
  "minEventDuration": 3,
  "maxEventDuration" : 150,
  "minDepth": 0,
  "maxDepth":310,
  "low_frequency":1,
  "high_frequency":35,

  "EOD": {
    "grid_shape": {
      "n_eod": 62,
      "m_eod": 62,
      "l_eod": 62
    },
    "corners": {
      "top_SW": {
        "geo": [35.201435, 23.922818, 0.0],
        "local": [0.0, 0.0, 310.0]
      },
      "top_SE": {
        "geo": [35.201435, 27.436424, 0.0],
        "local": [310.0, 0.0, 310.0]
      },
      "top_NE": {
        "geo": [38.033533, 27.436424, 0.0],
        "local": [310.0, 310.0, 310.0]
      },
      "top_NW": {
        "geo": [38.033533, 23.922818, 0.0],
        "local": [0.0, 310.0, 310.0]
      },
      "bottom_SW": {
        "geo": [35.201435, 23.922818, 310.0],
        "local": [0.0, 0.0, 0.0]
      },
      "bottom_SE": {
        "geo": [35.201435, 27.436424, 310.0],
        "local": [310.0, 0.0, 0.0]
      },
      "bottom_NE": {
        "geo": [38.033533, 27.436424, 310.0],
        "local": [310.0, 310.0, 0.0]
      },
      "bottom_NW": {
        "geo": [38.033533, 23.922818, 310.0],
        "local": [0.0, 310.0, 0.0]
      }
    }
  },


  "STUDY_AREA": {
    "grid_shape": {
      "n": 20,
      "m": 20,
      "l": 5
    },
    "corners": {
      "top_SW": {
        "geo": [36.160694, 25.112911, 0.0],
        "local": [105.0, 105.0, 310.0]
      },
      "top_SE": {
        "geo": [36.160694, 26.246332, 0.0],
        "local": [205.0, 105.0, 310.0]
      },
      "top_NE": {
        "geo": [37.074742, 26.246332, 0.0],
        "local": [205.0, 205.0, 310.0]
      },
      "top_NW": {
        "geo": [37.074742, 25.112911, 0.0],
        "local": [105.0, 205.0, 310.0]
      },
      "bottom_SW": {
        "geo": [36.160694, 25.112911, 285.0],
        "local": [105.0, 105.0, 285.0]
      },
      "bottom_SE": {
        "geo": [36.160694, 26.246332, 285.0],
        "local": [205.0, 105.0, 285.0]
      },
      "bottom_NE": {
        "geo": [37.074742, 26.246332, 285.0],
        "local": [205.0, 205.0, 285.0]
      },
      "bottom_NW": {
        "geo": [37.074742, 25.112911, 285.0],
        "local": [105.0, 205.0, 285.0]
      }
    }
  }
}
